subject,slice_index,slice_position,slice_fraction,dice,iou,precision,recall,hausdorff,mask_area,pred_area,box_area,x_min,y_min,x_max,y_max
sub-112,3,0,0.0,0.7219512195121951,0.5648854961832062,0.5670498084291188,0.9932885906040269,4.123105625617661,149.0,261.0,567.0,72,69,99,90
sub-112,4,1,0.017241379310344827,0.7680473372781065,0.6234390009606148,0.6264478764478765,0.9923547400611621,7.211102550927978,654.0,1036.0,1763.0,61,50,102,93
sub-112,5,2,0.034482758620689655,0.7827282728272827,0.6430185268865793,0.644766651563208,0.9958012596221134,12.0,1429.0,2207.0,3450.0,55,46,124,96
sub-112,6,3,0.05172413793103448,0.8328205128205128,0.7135325131810193,0.7193479801559178,0.9887968826108134,12.165525060596439,2053.0,2822.0,4125.0,51,43,126,98
sub-112,7,4,0.06896551724137931,0.9263657957244655,0.8628318584070797,0.8693415637860082,0.9913961673836528,7.0710678118654755,2557.0,2916.0,4779.0,47,41,128,100
sub-112,8,5,0.08620689655172414,0.9415278214397989,0.8895158895158896,0.899669570441574,0.9874711506758984,5.656854249492381,3033.0,3329.0,5544.0,42,39,130,102
sub-112,9,6,0.10344827586206896,0.9510294936004452,0.906631299734748,0.9232847109670448,0.9804934021801491,5.656854249492381,3486.0,3702.0,6204.0,37,37,131,103
sub-112,10,7,0.1206896551724138,0.9668807454980481,0.9358849341784495,0.9592703648175912,0.9746128458999747,5.0,3939.0,4002.0,6930.0,33,35,132,105
sub-112,11,8,0.13793103448275862,0.9763888888888889,0.9538670284938942,0.9766149571660107,0.976162925248785,4.242640687119285,4321.0,4319.0,7416.0,30,34,133,106
sub-112,12,9,0.15517241379310345,0.9826275787187839,0.9658484525080042,0.9966960352422908,0.9689507494646681,2.23606797749979,4670.0,4540.0,7770.0,28,33,133,107
sub-112,13,10,0.1724137931034483,0.9865043125317098,0.97336804164998,0.9977422003284072,0.9755167569737107,2.0,4983.0,4872.0,8208.0,26,32,134,108
sub-112,14,11,0.1896551724137931,0.9815191098209967,0.963708911267338,0.994899960768929,0.9684934122589268,3.1622776601683795,5237.0,5098.0,8393.0,25,31,134,108
sub-112,15,12,0.20689655172413793,0.9877408056042032,0.9757785467128027,0.998509131569139,0.9772022615356557,2.0,5483.0,5366.0,8769.0,24,30,135,109
sub-112,16,13,0.22413793103448276,0.987006051975792,0.9743454577402917,0.9998196898665705,0.9745166959578208,2.0,5690.0,5546.0,9072.0,23,29,135,110
sub-112,17,14,0.2413793103448276,0.9874755048138366,0.9752608549309997,0.9975899466345326,0.9775641025641025,1.4142135623730951,5928.0,5809.0,9877.0,16,28,135,111
sub-112,18,15,0.25862068965517243,0.9856780423929945,0.9717605292883653,0.999170399867264,0.9725452196382429,2.0,6192.0,6027.0,10292.0,11,28,135,111
sub-112,19,16,0.27586206896551724,0.9869141089697835,0.9741662752465946,0.9969556160871655,0.977072864321608,2.0,6368.0,6241.0,10668.0,9,27,136,111
sub-112,20,17,0.29310344827586204,0.9846966519070923,0.9698546289211936,0.9985820072475186,0.9711921544590867,2.23606797749979,6526.0,6347.0,10965.0,7,27,136,112
sub-112,21,18,0.3103448275862069,0.9864905889496054,0.9733413209525236,0.998463665693655,0.9748012599370032,2.0,6667.0,6509.0,11266.0,5,26,136,112
sub-112,22,19,0.3275862068965517,0.9826165143114042,0.9658270732066578,0.9984772346581392,0.9672518070511875,2.23606797749979,6779.0,6567.0,11352.0,4,26,136,112
sub-112,23,20,0.3448275862068966,0.9830809013668268,0.9667247893054345,0.997750449910018,0.9688364642493082,2.0,6867.0,6668.0,11524.0,2,26,136,112
sub-112,24,21,0.3620689655172414,0.9765665172996401,0.9542061441286247,0.9961037014835906,0.9577809798270893,17.4928556845359,6940.0,6673.0,11745.0,1,25,136,112
sub-112,25,22,0.3793103448275862,0.9720187518312335,0.9455607809605244,0.9940074906367041,0.9509817973340977,16.97056274847714,6977.0,6675.0,11832.0,0,25,136,112
sub-112,26,23,0.39655172413793105,0.9830263633080535,0.9666193181818182,0.9956108266276518,0.9707560627674751,18.35755975068582,7010.0,6835.0,11919.0,0,25,137,112
sub-112,27,24,0.41379310344827586,0.9809523809523809,0.9626168224299065,0.9958980369176678,0.9664486778504408,16.97056274847714,7034.0,6826.0,11919.0,0,25,137,112
sub-112,28,25,0.43103448275862066,0.983599482088908,0.9677282377919321,0.9985395063531474,0.9690999291282778,12.041594578792296,7055.0,6847.0,12144.0,0,25,138,113
sub-112,29,26,0.4482758620689655,0.9681993983669961,0.9383590170762183,0.980702263493906,0.956011315417256,16.278820596099706,7070.0,6892.0,12232.0,0,25,139,113
sub-112,30,27,0.46551724137931033,0.9495277033695192,0.9039055160381156,0.9448653198653199,0.95423632757155,17.69180601295413,7058.0,7128.0,12320.0,0,25,140,113
sub-112,31,28,0.4827586206896552,0.9533824044865055,0.9109176155391828,0.9418282548476454,0.9652235628105039,13.601470508735444,7045.0,7220.0,12180.0,0,25,140,112
sub-112,32,29,0.5,0.9583481666073336,0.9200273410799726,0.9567813477395507,0.9599201255170446,14.0,7011.0,7034.0,12180.0,1,25,141,112
sub-112,33,30,0.5172413793103449,0.9738713891711424,0.9490734191540529,0.9847350653163071,0.9632447954055994,11.0,6965.0,6813.0,12093.0,2,25,141,112
sub-112,34,31,0.5344827586206896,0.9646852379907874,0.9317796610169492,0.9737269372693726,0.955809910170965,14.866068747318506,6902.0,6775.0,12006.0,3,25,141,112
sub-112,35,32,0.5517241379310345,0.947569674240753,0.9003633314700951,0.9440293040293041,0.9511366991437851,15.556349186104045,6774.0,6825.0,11868.0,4,26,142,112
sub-112,36,33,0.5689655172413793,0.9240067811601681,0.8587477736676257,0.9090645395213923,0.9394484412470024,16.64331697709324,6672.0,6895.0,11730.0,5,26,143,111
sub-112,37,34,0.5862068965517241,0.9087292817679558,0.8327257999189955,0.8741496598639455,0.9461573861021629,19.1049731745428,6519.0,7056.0,11730.0,6,26,144,111
sub-112,38,35,0.603448275862069,0.8934438583270535,0.8074094252247344,0.8536866359447005,0.9370850458425546,23.08679276123039,6326.0,6944.0,11560.0,8,26,144,111
sub-112,39,36,0.6206896551724138,0.9272900460390539,0.8644368802723102,0.9089635854341737,0.9463707064160726,22.561028345356956,6172.0,6426.0,11340.0,9,27,144,111
sub-112,40,37,0.6379310344827587,0.9224322103533279,0.8560317218240049,0.9078117418728773,0.9375313178553533,16.278820596099706,5987.0,6183.0,11256.0,10,27,144,111
sub-112,41,38,0.6551724137931034,0.9257913855734302,0.8618357487922705,0.9309445120890589,0.9206949939790126,19.79898987322333,5813.0,5749.0,11172.0,11,27,144,111
sub-112,42,39,0.6724137931034483,0.9199156040730209,0.8517071513504332,0.9474678760393046,0.893920484934926,21.93171219946131,5609.0,5292.0,11004.0,13,27,144,111
sub-112,43,40,0.6896551724137931,0.9364241001564946,0.8804487768990252,0.9864001648464867,0.8912679203127909,19.1049731745428,5371.0,4853.0,10752.0,16,27,144,111
sub-112,44,41,0.7068965517241379,0.9338028169014084,0.8758256274768824,0.9626633478531424,0.9066223871849971,15.297058540778355,5119.0,4821.0,10458.0,18,27,144,110
sub-112,45,42,0.7241379310344828,0.9359426799272805,0.8795979899497487,0.9664310954063604,0.9073190959983413,7.211102550927978,4823.0,4528.0,9676.0,26,28,144,110
sub-112,46,43,0.7413793103448276,0.9394678492239468,0.8858457035333472,0.9568654019873533,0.922691637630662,5.0990195135927845,4592.0,4428.0,9315.0,29,28,144,109
sub-112,47,44,0.7586206896551724,0.9193742478941035,0.8507795100222717,0.9538077403245943,0.8873403019744484,5.830951894845301,4305.0,4005.0,8927.0,31,29,144,108
sub-112,48,45,0.7758620689655172,0.9097265576226745,0.8344021988089785,0.910977744436109,0.9084788029925187,11.180339887498949,4010.0,3999.0,8658.0,33,29,144,107
sub-112,49,46,0.7931034482758621,0.8906117846067099,0.8027954256670902,0.9277533039647577,0.8563296286256438,8.06225774829855,3689.0,3405.0,8393.0,35,30,144,107
sub-112,50,47,0.8103448275862069,0.8686006825938567,0.7677224736048266,0.8238467763690316,0.9184962406015038,17.72004514666935,3325.0,3707.0,8132.0,37,30,144,106
sub-112,51,48,0.8275862068965517,0.8246192494897158,0.7015762757146674,0.7613801101768629,0.8993150684931507,16.76305461424021,2920.0,3449.0,7770.0,39,31,144,105
sub-112,52,49,0.8448275862068966,0.619689720168189,0.4489495798319328,0.481957600360848,0.8676410881039383,23.021728866442675,2463.0,4434.0,7519.0,41,31,144,104
sub-112,53,50,0.8620689655172413,0.4929230769230769,0.32707227439771336,0.33955065705807547,0.898989898989899,27.0,1782.0,4718.0,7038.0,42,33,144,102
sub-112,54,51,0.8793103448275862,0.33034188034188033,0.19785001279754288,0.2128890112916552,0.7368922783603432,30.805843601498726,1049.0,3631.0,6500.0,44,34,144,99
sub-112,55,52,0.896551724137931,0.19128641402423305,0.10575826681870011,0.1081002331002331,0.8299776286353467,33.24154027718932,447.0,3432.0,5529.0,47,36,144,93
sub-112,56,53,0.9137931034482759,0.02779064381658175,0.014091122592766557,0.014822134387351778,0.2222222222222222,42.42640687119285,135.0,2024.0,3627.0,51,47,144,86
sub-112,57,54,0.9310344827586207,0.9468085106382979,0.898989898989899,0.898989898989899,1.0,3.0,89.0,99.0,325.0,131,61,144,86
sub-112,58,55,0.9482758620689655,0.875,0.7777777777777778,0.7777777777777778,1.0,2.0,70.0,90.0,312.0,131,62,144,86
sub-112,59,56,0.9655172413793104,0.8403361344537815,0.7246376811594203,0.746268656716418,0.9615384615384616,2.23606797749979,52.0,67.0,252.0,132,65,144,86
sub-112,60,57,0.9827586206896551,0.6904761904761905,0.5272727272727272,0.5272727272727272,1.0,4.123105625617661,29.0,55.0,180.0,134,66,144,84
sub-112,61,58,1.0,0.10810810810810811,0.05714285714285714,0.05714285714285714,1.0,5.0,2.0,35.0,84.0,137,69,144,81
sub-109,6,0,0.0,0.36462093862815886,0.2229580573951435,0.2229580573951435,1.0,9.219544457292887,101.0,453.0,775.0,75,50,100,81
sub-109,7,1,0.01818181818181818,0.7139001349527665,0.5550891920251836,0.5725108225108225,0.9480286738351255,7.615773105863909,558.0,924.0,1638.0,66,45,105,87
sub-109,8,2,0.03636363636363636,0.7842679127725857,0.6450992953235106,0.6467565831727682,0.9960435212660732,10.198039027185569,1011.0,1557.0,2401.0,58,42,107,91
sub-109,9,3,0.05454545454545454,0.724679029957204,0.5682326621923938,0.5682326621923938,1.0,14.317821063276353,1524.0,2682.0,3888.0,55,40,127,94
sub-109,10,4,0.07272727272727272,0.856023102310231,0.7482870537324198,0.7529027576197388,0.9918738049713193,11.180339887498949,2092.0,2756.0,4466.0,53,38,130,96
sub-109,11,5,0.09090909090909091,0.8689377412317503,0.7682492581602374,0.7786466165413534,0.9829157175398633,17.72004514666935,2634.0,3325.0,5208.0,48,36,132,98
sub-109,12,6,0.10909090909090909,0.9034582132564841,0.823915900131406,0.840032154340836,0.9772443890274314,9.848857801796104,3208.0,3732.0,6080.0,39,35,134,99
sub-109,13,7,0.12727272727272726,0.9524057895423133,0.9091361712720936,0.9254941713127217,0.9809293580445877,6.708203932499369,3723.0,3946.0,6700.0,35,33,135,100
sub-109,14,8,0.14545454545454545,0.97348303870043,0.9483360484058646,0.9651823780198958,0.9819277108433735,5.0,4150.0,4222.0,7176.0,32,32,136,101
sub-109,15,9,0.16363636363636364,0.9835592090646523,0.9676502732240437,0.9853104829735143,0.9818141494788202,3.605551275463989,4509.0,4493.0,7597.0,30,31,137,102
sub-109,16,10,0.18181818181818182,0.9861415025528811,0.9726618705035971,0.9895441237975743,0.9827622014537902,3.1622776601683795,4815.0,4782.0,7957.0,29,30,138,103
sub-109,17,11,0.2,0.9847836897066137,0.9700235109717869,0.9965780998389694,0.973265185767643,2.0,5087.0,4968.0,8250.0,28,29,138,104
sub-109,18,12,0.21818181818181817,0.9855787476280835,0.9715675271230827,0.993876769996173,0.9774181407602559,3.1622776601683795,5314.0,5226.0,9240.0,18,28,138,105
sub-109,19,13,0.23636363636363636,0.9822969486700471,0.9652097902097903,0.9904915679942591,0.9742368095994354,2.8284271247461903,5667.0,5574.0,9984.0,11,27,139,105
sub-109,20,14,0.2545454545454545,0.9838600067957866,0.9682327370005016,0.9969013599586848,0.9711554586617475,2.23606797749979,5963.0,5809.0,10270.0,9,27,139,106
sub-109,21,15,0.2727272727272727,0.9813807876091614,0.9634422516984794,0.997153859032312,0.9660989456609894,2.23606797749979,6165.0,5973.0,10611.0,8,26,139,107
sub-109,22,16,0.2909090909090909,0.9816896884034694,0.9640378548895899,0.9980404964075767,0.965865992414665,2.23606797749979,6328.0,6124.0,10692.0,7,26,139,107
sub-109,23,17,0.3090909090909091,0.9835988385780429,0.9677269919703521,0.9966603053435115,0.970875290472502,2.0,6455.0,6288.0,11039.0,6,25,139,108
sub-109,24,18,0.32727272727272727,0.9823337982333799,0.9652809502055734,0.9982677165354331,0.9669005491153142,2.23606797749979,6556.0,6350.0,11122.0,5,25,139,108
sub-109,25,19,0.34545454545454546,0.9809260113828642,0.962566037735849,0.9989035087719298,0.9635841644001208,3.605551275463989,6618.0,6384.0,11122.0,5,25,139,108
sub-109,26,20,0.36363636363636365,0.9889343641048962,0.9781109445277362,0.9986223786927905,0.979432517639994,1.4142135623730951,6661.0,6533.0,11340.0,5,24,140,108
sub-109,27,21,0.38181818181818183,0.9865721182860592,0.9735000744379931,0.996039603960396,0.9772829173516664,10.0,6691.0,6565.0,11340.0,5,24,140,108
sub-109,28,22,0.4,0.9840670542928339,0.9686338635350081,0.9967875172097292,0.9716671637339696,5.0,6706.0,6537.0,11340.0,5,24,140,108
sub-109,29,23,0.41818181818181815,0.9753716774290434,0.9519273047046753,0.9828995157384988,0.9679582712369598,14.142135623730951,6710.0,6608.0,11340.0,5,24,140,108
sub-109,30,24,0.43636363636363634,0.9676012929414418,0.9372360565021115,0.9750037873049537,0.9603103551178752,18.027756377319946,6702.0,6601.0,11424.0,5,24,141,108
sub-109,31,25,0.45454545454545453,0.9663245914101102,0.9348433593175467,0.9863438857852266,0.9471017732081657,10.0,6711.0,6444.0,11340.0,6,24,141,108
sub-109,32,26,0.4727272727272727,0.9707673568818515,0.9431952662721893,0.9919103920348475,0.9505068574836016,9.848857801796104,6708.0,6428.0,11340.0,6,24,141,108
sub-109,33,27,0.4909090909090909,0.970436919296629,0.942571599045346,0.9955884669922798,0.9465248651887358,10.63014581273465,6676.0,6347.0,11340.0,7,24,142,108
sub-109,34,28,0.509090909090909,0.9702127659574468,0.9421487603305785,0.9979309247174917,0.9439927732610659,11.0,6642.0,6283.0,11340.0,8,24,143,108
sub-109,35,29,0.5272727272727272,0.9593446137355486,0.9218658034137728,0.9654800431499461,0.9532866707242849,19.4164878389476,6572.0,6489.0,11340.0,8,24,143,108
sub-109,36,30,0.5454545454545454,0.9719655199192359,0.9454600392808581,0.9805703541209652,0.9635103926096997,12.0,6495.0,6382.0,11070.0,9,25,144,107
sub-109,37,31,0.5636363636363636,0.9549366296354248,0.9137595448420422,0.9546378851869232,0.9552355611206762,14.0,6389.0,6393.0,10988.0,10,25,144,107
sub-109,38,32,0.5818181818181818,0.9548552642129741,0.9136105570047568,0.9603225806451613,0.9494498485090097,13.45362404707371,6271.0,6200.0,10906.0,11,25,144,107
sub-109,39,33,0.6,0.9478983136169141,0.9009569377990431,0.9707853583089878,0.9260655737704918,13.0,6100.0,5819.0,10611.0,13,25,144,106
sub-109,40,34,0.6181818181818182,0.952112676056338,0.9086021505376344,0.9665511265164645,0.9380992430613961,15.0,5945.0,5770.0,10449.0,15,25,144,106
sub-109,41,35,0.6363636363636364,0.9502148997134671,0.9051518253155919,0.9818652849740933,0.9205412907702984,13.0,5764.0,5404.0,10368.0,16,25,144,106
sub-109,42,36,0.6545454545454545,0.9454918797834609,0.8966188705965658,0.9848337546179273,0.9091725004487524,14.142135623730951,5571.0,5143.0,10206.0,18,25,144,106
sub-109,43,37,0.6727272727272727,0.936203218925732,0.8800583302952971,0.968311271560369,0.9061561561561562,16.278820596099706,5328.0,4986.0,9920.0,20,26,144,106
sub-109,44,38,0.6909090909090909,0.9499539453484802,0.9046783625730994,0.9805620114092541,0.9211988884477967,13.038404810405298,5038.0,4733.0,9360.0,27,26,144,106
sub-109,45,39,0.7090909090909091,0.9498938428874735,0.9045693489688638,0.9658894645941278,0.9344193817878028,13.416407864998739,4788.0,4632.0,9006.0,30,26,144,105
sub-109,46,40,0.7272727272727273,0.9459309426001998,0.8974088898251528,0.9538737124944021,0.9381193569698304,10.44030650891055,4541.0,4466.0,8769.0,33,26,144,105
sub-109,47,41,0.7454545454545455,0.9366205372717757,0.8807961504811899,0.9367294719702256,0.9365116279069767,8.06225774829855,4300.0,4299.0,8502.0,35,27,144,105
sub-109,48,42,0.7636363636363637,0.9217477166131819,0.8548534798534798,0.9192516001969473,0.9242574257425743,10.04987562112089,4040.0,4062.0,8316.0,36,27,144,104
sub-109,49,43,0.7818181818181819,0.9170744610501257,0.8468490473864192,0.9035704977847276,0.9309881847475833,10.04987562112089,3724.0,3837.0,7950.0,38,28,144,103
sub-109,50,44,0.8,0.8933081724488314,0.8071878279118573,0.8699462821600226,0.9179594272076372,9.848857801796104,3352.0,3537.0,7725.0,41,28,144,103
sub-109,51,45,0.8181818181818182,0.8645751221819329,0.761455151346848,0.8119632810186556,0.9244774106540796,10.0,2966.0,3377.0,7446.0,42,29,144,102
sub-109,52,46,0.8363636363636363,0.8065650644783119,0.6758349705304518,0.6971627099015634,0.956694477552642,15.524174696260024,2517.0,3454.0,7272.0,43,29,144,101
sub-109,53,47,0.8545454545454545,0.5886524822695035,0.41708542713567837,0.42094818081587654,0.9784725781650435,18.681541692269406,1951.0,4535.0,6900.0,44,31,144,100
sub-109,54,48,0.8727272727272727,0.3747548582635051,0.2305835892935498,0.23665841026795767,0.8998287671232876,25.0,1168.0,4441.0,6305.0,47,33,144,98
sub-109,55,49,0.8909090909090909,0.23976608187134502,0.1362126245847176,0.13910093299406276,0.8677248677248677,28.0178514522438,567.0,3537.0,5394.0,51,38,144,96
sub-109,56,50,0.9090909090909091,0.148479427549195,0.08019323671497584,0.08283433133732535,0.7155172413793104,34.66987164671943,232.0,2004.0,2886.0,66,54,144,91
sub-109,57,51,0.9272727272727272,0.9380530973451328,0.8833333333333333,0.8983050847457628,0.9814814814814815,2.0,108.0,118.0,468.0,126,56,144,82
sub-109,58,52,0.9454545454545454,0.9508196721311475,0.90625,0.9508196721311475,0.9508196721311475,1.0,61.0,61.0,264.0,133,58,144,82
sub-109,59,53,0.9636363636363636,0.8974358974358975,0.813953488372093,0.813953488372093,1.0,2.0,35.0,43.0,200.0,134,61,144,81
sub-109,60,54,0.9818181818181818,0.5909090909090909,0.41935483870967744,0.41935483870967744,1.0,2.23606797749979,13.0,31.0,120.0,136,64,144,79
sub-109,61,55,1.0,0.21052631578947367,0.11764705882352941,0.11764705882352941,1.0,3.1622776601683795,2.0,17.0,84.0,137,65,144,77
sub-066,6,0,0.0,0.3836589698046181,0.23736263736263735,0.23736263736263735,1.0,14.422205101855956,324.0,1365.0,2106.0,74,49,128,88
sub-066,7,1,0.018867924528301886,0.6109238031018206,0.43980582524271844,0.46845915201654603,0.877906976744186,14.035668847618199,1032.0,1934.0,3024.0,69,45,132,93
sub-066,8,2,0.03773584905660377,0.8364963503649635,0.7189460476787954,0.7195479280033487,0.9988378849506101,11.0,1721.0,2389.0,3763.0,63,43,134,96
sub-066,9,3,0.05660377358490566,0.9141900376726664,0.8419429452582884,0.8494749124854143,0.9895786135024921,7.810249675906654,2207.0,2571.0,4408.0,59,41,135,99
sub-066,10,4,0.07547169811320754,0.9206632198252808,0.8529897588371325,0.8797274275979557,0.9655946148092744,8.94427190999916,2674.0,2935.0,5022.0,55,39,136,101
sub-066,11,5,0.09433962264150944,0.9602172871065665,0.923478795328826,0.9473518284993695,0.9734369938451571,5.830951894845301,3087.0,3172.0,5590.0,51,37,137,102
sub-066,12,6,0.11320754716981132,0.9453939141308879,0.8964426877470356,0.9227013832384052,0.9692307692307692,7.211102550927978,3510.0,3687.0,6188.0,47,36,138,104
sub-066,13,7,0.1320754716981132,0.96552621308703,0.9333501006036218,0.9807082452431289,0.9508070714834742,6.708203932499369,3903.0,3784.0,6790.0,42,35,139,105
sub-066,14,8,0.1509433962264151,0.952926354369488,0.9100853204987968,0.9523809523809523,0.9534723813889525,8.54400374531753,4363.0,4368.0,7560.0,34,34,139,106
sub-066,15,9,0.16981132075471697,0.969677625279285,0.9411400247831475,0.9865771812080537,0.953347280334728,5.0,4780.0,4619.0,8066.0,30,33,139,107
sub-066,16,10,0.18867924528301888,0.9754926477943383,0.952157781683265,0.9963220269718022,0.9555163629237703,4.47213595499958,5103.0,4894.0,8325.0,29,33,140,108
sub-066,17,11,0.20754716981132076,0.9786628733997155,0.958217270194986,0.999418942475305,0.9587513935340022,3.605551275463989,5382.0,5163.0,8701.0,27,32,140,109
sub-066,18,12,0.22641509433962265,0.980605401486315,0.9619487908961594,0.9998151912770282,0.9621198648408323,3.1622776601683795,5623.0,5411.0,9006.0,26,31,140,110
sub-066,19,13,0.24528301886792453,0.9832255809889918,0.9670046399725039,0.9992896465991831,0.9676698194325022,2.0,5815.0,5631.0,9164.0,25,31,141,110
sub-066,20,14,0.2641509433962264,0.9809002944888515,0.9625165125495376,0.9942009210301893,0.9679508468947193,3.0,6022.0,5863.0,9882.0,19,30,141,111
sub-066,21,15,0.2830188679245283,0.9769704832954914,0.9549778059606848,0.9878648737290915,0.9663137632338787,5.385164807134504,6234.0,6098.0,10496.0,13,29,141,111
sub-066,22,16,0.3018867924528302,0.9762470308788599,0.9535962877030162,0.9988658457550227,0.954629916382781,6.0,6458.0,6172.0,10790.0,11,29,141,112
sub-066,23,17,0.32075471698113206,0.9751359751359752,0.9514783927217589,0.9992038216560509,0.9522003034901366,9.055385138137417,6590.0,6280.0,10873.0,10,29,141,112
sub-066,24,18,0.33962264150943394,0.9726918075422627,0.9468354430379747,0.9995283760415029,0.9472586412395709,11.0,6712.0,6361.0,11220.0,9,28,141,113
sub-066,25,19,0.3584905660377358,0.9715450222658314,0.9446646117716131,0.9995340891442771,0.9450807635829662,11.045361017187261,6810.0,6439.0,11305.0,9,28,142,113
sub-066,26,20,0.37735849056603776,0.9716847217033994,0.9449287997675094,0.9996925441967717,0.945203488372093,11.0,6880.0,6505.0,11305.0,9,28,142,113
sub-066,27,21,0.39622641509433965,0.9692444181576224,0.9403242002582126,0.9995425434583715,0.9407290470723306,11.045361017187261,6968.0,6558.0,11745.0,8,27,143,114
sub-066,28,22,0.41509433962264153,0.9676659055756058,0.937357305936073,0.9998477929984779,0.9374910803482233,9.899494936611665,7007.0,6570.0,11745.0,8,27,143,114
sub-066,29,23,0.4339622641509434,0.9668516355140186,0.9358303886925795,0.9995471014492754,0.9362273755656109,8.0,7072.0,6624.0,11919.0,7,27,144,114
sub-066,30,24,0.4528301886792453,0.9653267427491459,0.9329773781087537,0.9996988858777477,0.9332396345748419,7.211102550927978,7115.0,6642.0,11919.0,7,27,144,114
sub-066,31,25,0.4716981132075472,0.9709185142528074,0.9434806939003917,0.999407231772377,0.9440089585666294,5.830951894845301,7144.0,6748.0,11919.0,7,27,144,114
sub-066,32,26,0.49056603773584906,0.9718370264474625,0.9452169076751946,0.9991181657848325,0.9460061230169775,5.830951894845301,7186.0,6804.0,12056.0,7,27,144,115
sub-066,33,27,0.5094339622641509,0.9742286238791217,0.9497522026431718,0.9961016459717008,0.9532955644604117,4.123105625617661,7237.0,6926.0,11968.0,8,27,144,115
sub-066,34,28,0.5283018867924528,0.9742035522977164,0.9497045485777106,0.9963956170703575,0.9529784886927745,8.54400374531753,7252.0,6936.0,11968.0,8,27,144,115
sub-066,35,29,0.5471698113207547,0.9723146640232245,0.9461209866335951,0.9975301467383408,0.9483425414364641,6.708203932499369,7240.0,6883.0,11968.0,8,27,144,115
sub-066,36,30,0.5660377358490566,0.9535035071227131,0.9111387506909895,0.9969756540148192,0.9136640798226164,7.211102550927978,7216.0,6613.0,11832.0,8,28,144,115
sub-066,37,31,0.5849056603773585,0.9323790352642959,0.8733240223463687,0.9992010226909556,0.8739343116701608,13.038404810405298,7155.0,6258.0,11696.0,8,28,144,114
sub-066,38,32,0.6037735849056604,0.933575702491858,0.8754261363636363,0.9988654781199352,0.8762974548556803,15.652475842498529,7033.0,6170.0,11696.0,8,28,144,114
sub-066,39,33,0.6226415094339622,0.9370242214532872,0.8815104166666666,0.9975442043222004,0.8834275772074816,15.132745950421556,6897.0,6108.0,11610.0,9,28,144,114
sub-066,40,34,0.6415094339622641,0.9447220487195502,0.8952352767090855,0.9975267930750206,0.8972267536704731,15.231546211727817,6743.0,6065.0,11524.0,10,28,144,114
sub-066,41,35,0.660377358490566,0.9506526583890481,0.9059466019417476,0.9968285761976298,0.9085653430701354,16.15549442140351,6573.0,5991.0,11438.0,11,28,144,114
sub-066,42,36,0.6792452830188679,0.959792055884981,0.9226924878962987,0.9937762825904121,0.9280552937480364,15.811388300841896,6366.0,5945.0,11220.0,12,28,144,113
sub-066,43,37,0.6981132075471698,0.9641180415828303,0.9307219164778245,0.9912084123426995,0.9384690713236494,15.811388300841896,6127.0,5801.0,11050.0,14,28,144,113
sub-066,44,38,0.7169811320754716,0.9587136027813994,0.9207011686143572,0.9848214285714286,0.9339542760372566,16.492422502470642,5905.0,5600.0,10752.0,16,29,144,113
sub-066,45,39,0.7358490566037735,0.9536665450565487,0.9114365411436541,0.9840015057406362,0.9251459918598478,15.0,5651.0,5313.0,10458.0,18,29,144,112
sub-066,46,40,0.7547169811320755,0.9595785440613027,0.9222979193518689,0.9817718541748334,0.9383664293742975,5.0990195135927845,5338.0,5102.0,10126.0,22,29,144,112
sub-066,47,41,0.7735849056603774,0.962088130210401,0.9269458787531076,0.9707590626877629,0.9535707259492425,19.1049731745428,5083.0,4993.0,9711.0,27,29,144,112
sub-066,48,42,0.7924528301886793,0.9547154133776485,0.9133545310015898,0.9645330535152151,0.9450956199876619,16.1245154965971,4863.0,4765.0,9348.0,30,30,144,112
sub-066,49,43,0.8113207547169812,0.9600521059487624,0.9231732776617954,0.961095414040426,0.9590110605074821,5.0990195135927845,4611.0,4601.0,9153.0,31,30,144,111
sub-066,50,44,0.8301886792452831,0.9400236127508855,0.8868344842949432,0.957201250300553,0.9234516353514266,8.94427190999916,4311.0,4159.0,8720.0,35,31,144,111
sub-066,51,45,0.8490566037735849,0.9276200050263885,0.8650105460510897,0.9339574898785425,0.9213679480778831,11.180339887498949,4006.0,3952.0,8532.0,36,31,144,110
sub-066,52,46,0.8679245283018868,0.9243081931633207,0.8592686002522069,0.914876476906552,0.9339364035087719,8.48528137423857,3648.0,3724.0,8162.0,38,32,144,109
sub-066,53,47,0.8867924528301887,0.839523877814427,0.7234305486900643,0.7840878649879454,0.903395061728395,27.16615541441225,3240.0,3733.0,8008.0,40,32,144,109
sub-066,54,48,0.9056603773584906,0.7836961556276054,0.6443259710586443,0.6742826780021254,0.9354957611500184,29.068883707497267,2713.0,3764.0,7650.0,42,33,144,108
sub-066,55,49,0.9245283018867925,0.6672297297297297,0.5006337135614702,0.5596882748848743,0.8259278619968635,28.600699292150182,1913.0,2823.0,7171.0,43,35,144,106
sub-066,56,50,0.9433962264150944,0.3800816961680607,0.2346301633045149,0.24860050890585242,0.8067712634186622,29.68164415931166,1211.0,3930.0,6831.0,45,36,144,105
sub-066,57,51,0.9622641509433962,0.11689750692520776,0.06207708149455722,0.06752,0.4350515463917526,31.827660925679098,485.0,3125.0,6111.0,47,41,144,104
sub-066,58,52,0.9811320754716981,0.11685241472475515,0.06205164992826399,0.06353286816011752,0.726890756302521,36.069377593742864,238.0,2723.0,3813.0,51,62,144,103
sub-066,59,53,1.0,0.03700189753320683,0.018849685838569358,0.01910828025477707,0.582089552238806,35.4682957019364,67.0,2041.0,2880.0,64,64,144,100
sub-050,4,0,0.0,0.08163265306122448,0.0425531914893617,0.0425531914893617,1.0,4.47213595499958,2.0,47.0,132.0,81,75,92,87
sub-050,5,1,0.0196078431372549,0.669921875,0.5036710719530103,0.5036710719530103,1.0,7.810249675906654,343.0,681.0,1365.0,68,54,103,93
sub-050,6,2,0.0392156862745098,0.6107744107744107,0.43965099369849736,0.43965099369849736,1.0,13.152946437965905,907.0,2063.0,3408.0,60,49,131,97
sub-050,7,3,0.058823529411764705,0.7138142385667138,0.5549853372434017,0.5553925165077036,0.9986807387862797,15.652475842498529,1516.0,2726.0,4160.0,55,47,135,99
sub-050,8,4,0.0784313725490196,0.8445827659988329,0.730976430976431,0.7324561403508771,0.9972439136426274,10.0,2177.0,2964.0,5096.0,46,45,137,101
sub-050,9,5,0.09803921568627451,0.9170537491705375,0.8468137254901961,0.8702770780856424,0.9691444600280504,9.219544457292887,2852.0,3176.0,6018.0,37,43,139,102
sub-050,10,6,0.11764705882352941,0.9541609822646657,0.9123402034959561,0.9438596491228071,0.9646896551724138,4.123105625617661,3625.0,3705.0,6882.0,29,42,140,104
sub-050,11,7,0.13725490196078433,0.9713595166163141,0.9443139097744361,0.9752487260373696,0.9675012036591237,3.605551275463989,4154.0,4121.0,7345.0,28,40,141,105
sub-050,12,8,0.1568627450980392,0.9764679515912147,0.9540179548938034,0.9981672394043528,0.9556920377275718,2.23606797749979,4559.0,4365.0,7705.0,27,39,142,106
sub-050,13,9,0.17647058823529413,0.9746995572422518,0.9506477483035164,0.9993514915693904,0.9512345679012346,2.23606797749979,4860.0,4626.0,8004.0,26,38,142,107
sub-050,14,10,0.19607843137254902,0.9789358091244884,0.9587407117716074,0.9977614977614978,0.9608073682147756,2.0,5103.0,4914.0,8260.0,25,37,143,107
sub-050,15,11,0.21568627450980393,0.9496070272769301,0.9040492957746479,0.9454980666543915,0.9537518573551264,9.848857801796104,5384.0,5431.0,9720.0,8,36,143,108
sub-050,16,12,0.23529411764705882,0.9537921964050855,0.9116661079450218,0.9470659933832491,0.9606146238078418,10.295630140987,5662.0,5743.0,10138.0,6,35,143,109
sub-050,17,13,0.2549019607843137,0.9638884134862228,0.9302940204823258,0.973552290406223,0.9544145060159295,7.211102550927978,5901.0,5785.0,10212.0,5,35,143,109
sub-050,18,14,0.27450980392156865,0.9622876087857439,0.9273162939297125,0.9725247110068688,0.952263779527559,6.708203932499369,6096.0,5969.0,10716.0,3,34,144,110
sub-050,19,15,0.29411764705882354,0.9633898855426577,0.9293657008613939,0.9769509384260784,0.9502001601281025,5.0,6245.0,6074.0,10792.0,2,34,144,110
sub-050,20,16,0.3137254901960784,0.9647114926084883,0.9318286503915246,0.9777670372160464,0.952,5.385164807134504,6375.0,6207.0,11076.0,2,33,144,111
sub-050,21,17,0.3333333333333333,0.969307860945819,0.9404436341537527,0.9833200953137411,0.9556893623591168,4.47213595499958,6477.0,6295.0,11076.0,2,33,144,111
sub-050,22,18,0.35294117647058826,0.9684454756380511,0.938821412505623,0.9828885400313971,0.9544207317073171,5.0,6560.0,6370.0,11218.0,2,32,144,111
sub-050,23,19,0.37254901960784315,0.9640134187252211,0.9305269355313512,0.9753162604134527,0.9529695507989147,7.0710678118654755,6634.0,6482.0,11360.0,2,32,144,112
sub-050,24,20,0.39215686274509803,0.9668763738346092,0.9358767424798239,0.9798740205868797,0.9542190305206463,6.4031242374328485,6684.0,6509.0,11360.0,2,32,144,112
sub-050,25,21,0.4117647058823529,0.9726644638029438,0.9467836257309942,0.9834472285497342,0.9621155846085278,5.0990195135927845,6731.0,6585.0,11440.0,1,32,144,112
sub-050,26,22,0.43137254901960786,0.9723261032161555,0.9461426491994177,0.9848484848484849,0.9601181683899557,23.769728648009426,6770.0,6600.0,11583.0,1,31,144,112
sub-050,27,23,0.45098039215686275,0.9717994628469113,0.9451458424031345,0.9860711582134747,0.9579349904397706,23.323807579381203,6799.0,6605.0,11583.0,1,31,144,112
sub-050,28,24,0.47058823529411764,0.9710749962725511,0.9437762643095203,0.9862204724409449,0.9563876651982379,23.853720883753127,6810.0,6604.0,11726.0,1,31,144,113
sub-050,29,25,0.49019607843137253,0.9729325557050994,0.9472917880023296,0.9886035556906245,0.9577506256440453,24.186773244895647,6793.0,6581.0,11726.0,1,31,144,113
sub-050,30,26,0.5098039215686274,0.9681586061880445,0.9382823871906841,0.9880441446965053,0.949057714958775,25.553864678361276,6792.0,6524.0,11726.0,1,31,144,113
sub-050,31,27,0.5294117647058824,0.9675324675324676,0.9371069182389937,0.9882770322381613,0.9476408815264015,28.178005607210743,6761.0,6483.0,11502.0,2,31,144,112
sub-050,32,28,0.5490196078431373,0.9616146230007616,0.9260671849787296,0.9884139658681698,0.9362301646151565,26.0,6743.0,6387.0,11340.0,4,31,144,112
sub-050,33,29,0.5686274509803921,0.9539514623522091,0.9119571683521713,0.9938411669367909,0.9171402931498653,26.832815729997478,6686.0,6170.0,11259.0,5,31,144,112
sub-050,34,30,0.5882352941176471,0.9584152189293295,0.9201509433962264,0.9970559371933267,0.9226577871953988,8.94427190999916,6607.0,6114.0,11178.0,6,31,144,112
sub-050,35,31,0.6078431372549019,0.9569772979838069,0.917503805175038,0.9886829588322126,0.9272419627749577,32.01562118716424,6501.0,6097.0,11371.0,7,30,144,113
sub-050,36,32,0.6274509803921569,0.9510718376697758,0.9067082683307333,0.995035096730012,0.9108290236640025,11.661903789690601,6381.0,5841.0,11122.0,10,30,144,113
sub-050,37,33,0.6470588235294118,0.9450808625336927,0.8958799105717024,0.9934478484150877,0.9012048192771084,12.529964086141668,6225.0,5647.0,11039.0,11,30,144,113
sub-050,38,34,0.6666666666666666,0.9520020755859206,0.9084007261924409,0.9947587204048437,0.9127694859038142,13.601470508735444,6030.0,5533.0,10578.0,15,30,144,112
sub-050,39,35,0.6862745098039216,0.9622691998929622,0.9272821041774111,0.9944690265486725,0.9320891653706583,13.0,5787.0,5424.0,9477.0,27,31,144,112
sub-050,40,36,0.7058823529411765,0.9572177753243168,0.9179460031762837,0.9908571428571429,0.9257875066737854,13.416407864998739,5619.0,5250.0,9315.0,29,31,144,112
sub-050,41,37,0.7254901960784313,0.9538112779824313,0.9117009750812568,0.9784883720930233,0.9303482587064676,13.892443989449804,5427.0,5160.0,9234.0,30,31,144,112
sub-050,42,38,0.7450980392156863,0.9533648170011806,0.9108855047941342,0.980372318899231,0.9278054385292991,13.0,5222.0,4942.0,8991.0,33,31,144,112
sub-050,43,39,0.7647058823529411,0.9561962569549823,0.9160690056212444,0.9704312114989733,0.9423728813559322,10.816653826391969,5015.0,4870.0,8910.0,34,31,144,112
sub-050,44,40,0.7843137254901961,0.9479417618099927,0.9010354440461967,0.9512297666596594,0.9446764091858038,9.0,4790.0,4757.0,8829.0,35,31,144,112
sub-050,45,41,0.803921568627451,0.9455600178491744,0.8967414303851037,0.96471659458229,0.9271494202581492,5.385164807134504,4571.0,4393.0,8560.0,37,32,144,112
sub-050,46,42,0.8235294117647058,0.930729465824239,0.8704340352385045,0.9240419708029197,0.9375144642443879,10.295630140987,4321.0,4384.0,8295.0,39,32,144,111
sub-050,47,43,0.8431372549019608,0.9179292929292929,0.8483080513418904,0.9268230494645588,0.9092046023011505,6.324555320336759,3998.0,3922.0,8137.0,41,32,144,111
sub-050,48,44,0.8627450980392157,0.9140921409214092,0.841776890441727,0.904774678111588,0.9236035049288062,7.211102550927978,3652.0,3728.0,7854.0,42,33,144,110
sub-050,49,45,0.8823529411764706,0.9050605220942103,0.8265849760255727,0.8711398090960135,0.9417298937784522,12.36931687685298,3295.0,3562.0,7676.0,43,33,144,109
sub-050,50,46,0.9019607843137255,0.853555005305978,0.7445232952792348,0.857498223169865,0.8496478873239437,8.06225774829855,2840.0,2814.0,7300.0,44,35,144,108
sub-050,51,47,0.9215686274509803,0.7598610259554466,0.6127224785761372,0.7065754465982517,0.8218390804597702,10.816653826391969,2262.0,2631.0,6790.0,47,36,144,106
sub-050,52,48,0.9411764705882353,0.5168784029038113,0.34850709740577585,0.35923309788092833,0.9210866752910737,20.12461179749811,1546.0,3964.0,6256.0,52,37,144,105
sub-050,53,49,0.9607843137254902,0.35276229092752154,0.21415384615384617,0.22894736842105262,0.7682119205298014,21.02379604162864,906.0,3040.0,5332.0,58,39,144,101
sub-050,54,50,0.9803921568627451,0.16598528209321342,0.09050378956754347,0.09517112048757619,0.6485623003194888,27.85677655436824,313.0,2133.0,3510.0,66,42,144,87
sub-050,55,51,1.0,0.4727272727272727,0.30952380952380953,0.3132530120481928,0.9629629629629629,3.605551275463989,27.0,83.0,210.0,134,59,144,80
sub-086,4,0,0.0,0.24113475177304963,0.13709677419354838,0.13709677419354838,1.0,6.0,17.0,124.0,247.0,84,81,103,94
sub-086,5,1,0.018518518518518517,0.7511929107021131,0.601528384279476,0.6135857461024499,0.968365553602812,7.810249675906654,569.0,898.0,1591.0,71,57,108,100
sub-086,6,2,0.037037037037037035,0.7126436781609196,0.5535714285714286,0.5585585585585585,0.9841269841269841,15.0,1260.0,2220.0,3430.0,63,54,133,103
sub-086,7,3,0.05555555555555555,0.8660477453580901,0.7637426900584795,0.7697445972495088,0.9898938858009095,11.180339887498949,1979.0,2545.0,4212.0,59,51,137,105
sub-086,8,4,0.07407407407407407,0.9522668264429798,0.9088829584445292,0.9609028617492946,0.943784639746635,4.47213595499958,2526.0,2481.0,4814.0,55,49,138,107
sub-086,9,5,0.09259259259259259,0.9407848633496847,0.8881905391994708,0.9918729220539343,0.894701766077974,7.0710678118654755,3001.0,2707.0,5429.0,50,47,139,108
sub-086,10,6,0.1111111111111111,0.9439195367266078,0.8937950937950938,0.9923101570009613,0.9000290613193839,5.0,3441.0,3121.0,6048.0,44,46,140,109
sub-086,11,7,0.12962962962962962,0.9464887451138968,0.8984135107471852,0.9988620199146515,0.8993340163934426,7.0710678118654755,3904.0,3515.0,6825.0,36,45,141,110
sub-086,12,8,0.14814814814814814,0.9550006032090723,0.9138767028399908,0.9997474109623642,0.9140877598152425,4.0,4330.0,3959.0,7236.0,33,44,141,111
sub-086,13,9,0.16666666666666666,0.9679268158271795,0.9378470739000427,1.0,0.9378470739000427,3.0,4682.0,4391.0,7770.0,31,42,142,112
sub-086,14,10,0.18518518518518517,0.972787702534275,0.9470171890798786,0.9997865072587532,0.9472087378640777,3.0,4944.0,4684.0,7952.0,30,42,142,113
sub-086,15,11,0.2037037037037037,0.975292843783837,0.9517771373679155,0.9993947952390558,0.9523260284505959,16.1245154965971,5202.0,4957.0,9417.0,13,41,142,114
sub-086,16,12,0.2222222222222222,0.968841642228739,0.9395662993245645,0.9988662131519275,0.9405693950177936,3.1622776601683795,5620.0,5292.0,9975.0,10,40,143,115
sub-086,17,13,0.24074074074074073,0.9720621616902392,0.9456429420757602,0.9996408690967857,0.945964316057774,3.605551275463989,5885.0,5569.0,10336.0,7,39,143,115
sub-086,18,14,0.25925925925925924,0.9745876809155166,0.9504349253241424,0.9979321040840944,0.9523104752507812,3.605551275463989,6081.0,5803.0,10686.0,6,38,143,116
sub-086,19,15,0.2777777777777778,0.9768089813980169,0.9546692295370816,0.9991617770326907,0.9554344341134979,3.0,6238.0,5965.0,10686.0,6,38,143,116
sub-086,20,16,0.2962962962962963,0.9661385023727178,0.9344950988019294,0.9897824653922215,0.9435978004713276,25.495097567963924,6365.0,6068.0,11040.0,5,37,143,117
sub-086,21,17,0.3148148148148148,0.9733449339555486,0.9480739599383667,0.9990258158792011,0.9489512646514497,13.038404810405298,6484.0,6159.0,11040.0,5,37,143,117
sub-086,22,18,0.3333333333333333,0.9774178476872761,0.9558330795004569,1.0,0.9558330795004569,3.605551275463989,6566.0,6276.0,11040.0,5,37,143,117
sub-086,23,19,0.35185185185185186,0.973290103442952,0.9479699248120301,0.9993658845909955,0.9485404754739694,11.661903789690601,6646.0,6308.0,11398.0,5,36,144,118
sub-086,24,20,0.37037037037037035,0.9749065670048052,0.9510416666666667,0.99859375,0.9523170913425719,3.0,6711.0,6400.0,11398.0,5,36,144,118
sub-086,25,21,0.3888888888888889,0.9767019667170953,0.9544648137196925,0.9990714948932219,0.9553122225510506,2.8284271247461903,6758.0,6462.0,11398.0,5,36,144,118
sub-086,26,22,0.4074074074074074,0.9744828627510191,0.9502355712603062,0.9975270479134467,0.9524793388429752,3.605551275463989,6776.0,6470.0,11480.0,4,36,144,118
sub-086,27,23,0.42592592592592593,0.9693808119755046,0.940580985915493,0.9981317141522653,0.9422398589065256,5.385164807134504,6804.0,6423.0,11480.0,4,36,144,118
sub-086,28,24,0.4444444444444444,0.9692909829896131,0.9404118592084124,0.9989140552280484,0.941374269005848,6.708203932499369,6840.0,6446.0,11620.0,4,36,144,119
sub-086,29,25,0.46296296296296297,0.9649823028842534,0.9323341094295693,0.9978196542594612,0.9342373869932925,7.615773105863909,6858.0,6421.0,11620.0,4,36,144,119
sub-086,30,26,0.48148148148148145,0.9715227817745803,0.9446225590206937,0.9989212513484358,0.9455871626549963,5.830951894845301,6855.0,6489.0,11537.0,5,36,144,119
sub-086,31,27,0.5,0.9729607931500676,0.9473453268977622,0.9976894639556377,0.9494283201407212,6.4031242374328485,6822.0,6492.0,11537.0,5,36,144,119
sub-086,32,28,0.5185185185185185,0.9760397830018083,0.9532008830022075,0.9992286331379204,0.9539027982326952,5.830951894845301,6790.0,6482.0,11454.0,6,36,144,119
sub-086,33,29,0.5370370370370371,0.9714546700159854,0.94449378330373,0.9996866677111076,0.9447734675747705,6.082762530298219,6754.0,6383.0,11371.0,7,36,144,119
sub-086,34,30,0.5555555555555556,0.9662104693419934,0.9346297681376216,0.9990406140070355,0.9354693816439587,6.708203932499369,6679.0,6254.0,11371.0,7,36,144,119
sub-086,35,31,0.5740740740740741,0.9572987505930729,0.9180949491885333,0.9995046235138706,0.9185128983308043,6.4031242374328485,6590.0,6056.0,11288.0,8,36,144,119
sub-086,36,32,0.5925925925925926,0.9307323524549512,0.870439084724799,0.9994674241079354,0.8708430007733952,14.422205101855956,6465.0,5633.0,11205.0,9,36,144,119
sub-086,37,33,0.6111111111111112,0.9336820789740128,0.8756132299414464,1.0,0.8756132299414464,15.811388300841896,6319.0,5533.0,11122.0,10,36,144,119
sub-086,38,34,0.6296296296296297,0.9340469613259669,0.876255264010366,0.9959499263622975,0.8793888166449935,15.811388300841896,6152.0,5432.0,10956.0,12,36,144,119
sub-086,39,35,0.6481481481481481,0.9477776795970664,0.900738998992274,0.9977674418604651,0.9025580612588354,16.15549442140351,5942.0,5375.0,10578.0,15,36,144,118
sub-086,40,36,0.6666666666666666,0.9486945408070111,0.9023966655088572,0.9933091187153508,0.9079154289708194,16.76305461424021,5723.0,5231.0,10414.0,17,36,144,118
sub-086,41,37,0.6851851851851852,0.9418230054955468,0.8900429799426934,0.9743187610272496,0.9114249037227214,24.041630560342615,5453.0,5101.0,10250.0,19,36,144,118
sub-086,42,38,0.7037037037037037,0.9576430909631981,0.9187285877426723,0.9820956256358088,0.9343786295005807,14.866068747318506,5166.0,4915.0,9430.0,29,36,144,118
sub-086,43,39,0.7222222222222222,0.9591016792005769,0.9214172604908947,0.9756864389016977,0.9430713128038898,11.0,4936.0,4771.0,9072.0,32,37,144,118
sub-086,44,40,0.7407407407407407,0.9387755102040817,0.8846153846153846,0.9689119170984456,0.9104572396274344,6.082762530298219,4724.0,4439.0,8829.0,35,37,144,118
sub-086,45,41,0.7592592592592593,0.9216846501914375,0.854744996772111,0.9636098981077147,0.8832555036691128,6.0,4497.0,4122.0,8480.0,38,37,144,117
sub-086,46,42,0.7777777777777778,0.935692087018886,0.8791554357592093,0.9497694734287794,0.9220259128386337,5.830951894845301,4245.0,4121.0,8295.0,39,37,144,116
sub-086,47,43,0.7962962962962963,0.9210729945834408,0.8536935213961272,0.9409749670619236,0.9019954533973226,5.830951894845301,3959.0,3795.0,7931.0,41,38,144,115
sub-086,48,44,0.8148148148148148,0.8977528089887641,0.8144750254841998,0.9183908045977012,0.878021978021978,7.0710678118654755,3640.0,3480.0,7650.0,42,39,144,114
sub-086,49,45,0.8333333333333334,0.8790212958767558,0.7841552142279709,0.8775633293124246,0.8804841149773072,7.810249675906654,3305.0,3316.0,7474.0,43,39,144,113
sub-086,50,46,0.8518518518518519,0.8526561977948547,0.7431566686080373,0.8153354632587859,0.8935574229691877,9.219544457292887,2856.0,3130.0,7128.0,45,40,144,112
sub-086,51,47,0.8703703703703703,0.8034120214243206,0.6714190981432361,0.7258064516129032,0.8996001776988005,10.816653826391969,2251.0,2790.0,6790.0,47,40,144,110
sub-086,52,48,0.8888888888888888,0.5219012115563839,0.3530895334174023,0.4028776978417266,0.7407407407407407,18.384776310850235,1512.0,2780.0,6460.0,49,41,144,109
sub-086,53,49,0.9074074074074074,0.31329032258064515,0.1857405140758874,0.19118110236220473,0.8671428571428571,22.47220505424423,700.0,3175.0,5796.0,52,42,144,105
sub-086,54,50,0.9259259259259259,0.024922118380062305,0.012618296529968454,0.01419158641662443,0.10218978102189781,39.6232255123179,274.0,1973.0,4437.0,57,44,144,95
sub-086,55,51,0.9444444444444444,0.0,0.0,0.0,0.0,43.04648650006177,89.0,1948.0,3572.0,68,47,144,94
sub-086,56,52,0.9629629629629629,0.9516129032258065,0.9076923076923077,0.9076923076923077,1.0,1.0,59.0,65.0,270.0,135,63,144,93
sub-086,57,53,0.9814814814814815,0.9534883720930233,0.9111111111111111,0.9111111111111111,1.0,1.0,41.0,45.0,224.0,136,64,144,92
sub-086,58,54,1.0,0.8181818181818182,0.6923076923076923,0.6923076923076923,1.0,3.0,27.0,39.0,168.0,137,67,144,91
